{"init_params": {"cat_dims": [3, 3, 3, 3, 3, 3, 3, 3, 3, 3, 3, 3, 3, 3, 3], "cat_emb_dim": [2, 2, 2, 2, 2, 2, 2, 2, 2, 2, 2, 2, 2, 2, 2], "cat_idxs": [1, 2, 3, 4, 5, 6, 7, 8, 9, 10, 11, 12, 13, 14, 15], "clip_value": 1, "device_name": "auto", "epsilon": 1e-15, "gamma": 1.5, "grouped_features": [], "input_dim": 16, "lambda_sparse": 0.0001, "mask_type": "sparsemax", "momentum": 0.02, "n_a": 32, "n_d": 32, "n_indep_decoder": 1, "n_independent": 2, "n_shared": 2, "n_shared_decoder": 1, "n_steps": 5, "optimizer_params": {"lr": 0.01}, "output_dim": 2, "scheduler_fn": null, "scheduler_params": {}, "seed": 42, "verbose": 1}, "class_attrs": {"preds_mapper": {"0": 0, "1": 1}}}